filename,label
0.jpg,Toolbox
1.jpg,Screw_Driver
10.jpg,Screw_Driver
100.jpg,pliers
101.jpg,Wrench
102.jpg,Pebbels
103.jpg,Toolbox
104.jpg,Rope
105.jpg,Wrench
106.jpg,Gasoline_Can
107.jpg,pliers
108.jpg,Wrench
109.jpg,pliers
11.jpg,Wrench
110.jpg,Pebbels
111.jpg,Wrench
112.jpg,pliers
113.jpg,Toolbox
114.jpg,pliers
115.jpg,Pebbels
116.jpg,Hammer
117.jpg,Screw_Driver
118.jpg,Toolbox
119.jpg,pliers
12.jpg,Wrench
120.jpg,pliers
121.jpg,Screw_Driver
122.jpg,Wrench
123.jpg,Wrench
124.jpg,Pebbels
125.jpg,Gasoline_Can
126.jpg,Wrench
127.jpg,Pebbels
128.jpg,Gasoline_Can
129.jpg,Toolbox
13.jpg,Wrench
130.jpg,Wrench
131.jpg,pliers
132.jpg,pliers
133.jpg,Wrench
134.jpg,Wrench
135.jpg,Toolbox
136.jpg,pliers
137.jpg,Toolbox
138.jpg,Screw_Driver
139.jpg,Rope
14.jpg,pliers
140.jpg,Screw_Driver
141.jpg,Screw_Driver
142.jpg,Rope
143.jpg,Hammer
144.jpg,Pebbels
145.jpg,Toolbox
146.jpg,Pebbels
147.jpg,Pebbels
148.jpg,Wrench
149.jpg,pliers
15.jpg,Wrench
150.jpg,pliers
151.jpg,Pebbels
152.jpg,Hammer
153.jpg,Gasoline_Can
154.jpg,Wrench
155.jpg,Gasoline_Can
156.jpg,Gasoline_Can
157.jpg,Wrench
158.jpg,Pebbels
159.jpg,Wrench
16.jpg,pliers
160.jpg,Pebbels
161.jpg,Toolbox
162.jpg,Pebbels
163.jpg,Wrench
164.jpg,Wrench
165.jpg,Screw_Driver
166.jpg,Toolbox
167.jpg,Gasoline_Can
168.jpg,pliers
169.jpg,Rope
17.jpg,Wrench
170.jpg,Wrench
171.jpg,Rope
172.jpg,Gasoline_Can
173.jpg,Gasoline_Can
174.jpg,Gasoline_Can
175.jpg,Toolbox
176.jpg,pliers
177.jpg,Pebbels
178.jpg,Gasoline_Can
179.jpg,Pebbels
18.jpg,Pebbels
180.jpg,Wrench
181.jpg,Pebbels
182.jpg,Wrench
183.jpg,Toolbox
184.jpg,Rope
185.jpg,Screw_Driver
186.jpg,Wrench
187.jpg,Pebbels
188.jpg,pliers
189.jpg,Toolbox
19.jpg,Pebbels
190.jpg,Pebbels
191.jpg,Toolbox
192.jpg,Pebbels
193.jpg,Pebbels
194.jpg,Hammer
195.jpg,Screw_Driver
196.jpg,pliers
197.jpg,Wrench
198.jpg,Wrench
199.jpg,Rope
2.jpg,pliers
20.jpg,Rope
200.jpg,Pebbels
201.jpg,Pebbels
202.jpg,Toolbox
203.jpg,pliers
204.jpg,Wrench
205.jpg,Pebbels
206.jpg,Wrench
207.jpg,Pebbels
208.jpg,Rope
209.jpg,Pebbels
21.jpg,Screw_Driver
210.jpg,Wrench
211.jpg,Rope
212.jpg,Pebbels
213.jpg,Toolbox
214.jpg,Rope
215.jpg,Wrench
216.jpg,Pebbels
217.jpg,Rope
218.jpg,pliers
219.jpg,Toolbox
22.jpg,Pebbels
220.jpg,Toolbox
221.jpg,Wrench
222.jpg,Toolbox
223.jpg,Screw_Driver
224.jpg,Rope
225.jpg,Screw_Driver
226.jpg,Screw_Driver
227.jpg,Pebbels
228.jpg,Rope
229.jpg,Pebbels
23.jpg,Gasoline_Can
24.jpg,Wrench
25.jpg,Pebbels
26.jpg,Toolbox
27.jpg,Pebbels
28.jpg,Screw_Driver
29.jpg,Rope
3.jpg,Pebbels
30.jpg,Rope
31.jpg,Toolbox
32.jpg,Wrench
33.jpg,Pebbels
34.jpg,Wrench
35.jpg,Screw_Driver
36.jpg,Pebbels
37.jpg,Toolbox
38.jpg,Pebbels
39.jpg,Toolbox
4.jpg,Gasoline_Can
40.jpg,Rope
41.jpg,Pebbels
42.jpg,Rope
43.jpg,Pebbels
44.jpg,pliers
45.jpg,Rope
46.jpg,Pebbels
47.jpg,Wrench
48.jpg,Toolbox
49.jpg,Rope
5.jpg,Pebbels
50.jpg,Wrench
51.jpg,Pebbels
52.jpg,Gasoline_Can
53.jpg,Pebbels
54.jpg,Pebbels
55.jpg,Pebbels
56.jpg,Gasoline_Can
57.jpg,Wrench
58.jpg,Wrench
59.jpg,Gasoline_Can
6.jpg,Pebbels
60.jpg,Wrench
61.jpg,Gasoline_Can
62.jpg,Screw_Driver
63.jpg,Wrench
64.jpg,pliers
65.jpg,pliers
66.jpg,Wrench
67.jpg,Pebbels
68.jpg,Wrench
69.jpg,Screw_Driver
7.jpg,Wrench
70.jpg,Hammer
71.jpg,pliers
72.jpg,Toolbox
73.jpg,Gasoline_Can
74.jpg,Pebbels
75.jpg,Wrench
76.jpg,pliers
77.jpg,Wrench
78.jpg,Wrench
79.jpg,Wrench
8.jpg,Pebbels
80.jpg,Pebbels
81.jpg,Pebbels
82.jpg,Screw_Driver
83.jpg,Pebbels
84.jpg,pliers
85.jpg,Rope
86.jpg,Screw_Driver
87.jpg,Hammer
88.jpg,Gasoline_Can
89.jpg,Rope
9.jpg,Wrench
90.jpg,Pebbels
91.jpg,pliers
92.jpg,Toolbox
93.jpg,Gasoline_Can
94.jpg,Wrench
95.jpg,pliers
96.jpg,Wrench
97.jpg,Gasoline_Can
98.jpg,Pebbels
99.jpg,Wrench
